<?xml version="1.0" encoding="UTF-8"?>
<project-private xmlns="http://www.netbeans.org/ns/project-private/1">
    <editor-bookmarks xmlns="http://www.netbeans.org/ns/editor-bookmarks/2" lastBookmarkId="0"/>
    <open-files xmlns="http://www.netbeans.org/ns/projectui-open-files/2">
        <group>
            <file>file:/C:/Users/ianca/MPLABXProjects/ProyectoFinal2.X/mcc.h</file>
            <file>file:/C:/Users/ianca/MPLABXProjects/ProyectoFinal2.X/tmr0.c</file>
            <file>file:/C:/Users/ianca/MPLABXProjects/ProyectoFinal2.X/main.c</file>
            <file>file:/C:/Users/ianca/MPLABXProjects/ProyectoFinal2.X/adc.c</file>
            <file>file:/C:/Users/ianca/MPLABXProjects/ProyectoFinal2.X/mcc.c</file>
            <file>file:/C:/Users/ianca/MPLABXProjects/ProyectoFinal2.X/pin_manager.c</file>
            <file>file:/C:/Users/ianca/MPLABXProjects/ProyectoFinal2.X/user_xlcd.c</file>
        </group>
    </open-files>
</project-private>
